{
  "classes": [
    "Clear",
    "Drive",
    "Drop",
    "Under",
    "Hairpin",
    "Idle"
  ],
  "feat_dim": 16,
  "target_T": 25,
  "input_name": "clips",
  "output_name": "logits",
  "zscore_mu": [
    0.26047074794769287,
    0.6444783210754395,
    0.6131634712219238,
    -0.1760103404521942,
    5.226648330688477,
    1.5080313682556152,
    1.327683448791504,
    0.6269239783287048,
    0.6275213956832886,
    1.6485856771469116,
    0.9034777879714966,
    1.8747341632843018,
    -0.067441426217556,
    0.0,
    0.6269239783287048,
    0.8408993482589722
  ],
  "zscore_std": [
    0.7800953984260559,
    1.4484758377075195,
    4.79484224319458,
    11.220663070678711,
    11.045957565307617,
    78.26587677001953,
    249.6924285888672,
    1.3958615064620972,
    0.48339319229125977,
    0.6870294809341431,
    0.6769843697547913,
    2.229252576828003,
    9.755799293518066,
    1.0,
    1.3958615064620972,
    0.753498375415802
  ],
  "peak_pos": "asymmetric(16|1|8)",
  "causal": false,
  "include_peak": true,
  "seed": 42,
  "pre": 16,
  "post": 8
}