{
  "classes": [
    "Clear",
    "Drive",
    "Drop",
    "Under",
    "Hairpin",
    "Idle"
  ],
  "feat_dim": 16,
  "target_T": 33,
  "input_name": "clips",
  "output_name": "logits",
  "zscore_mu": [
    0.3437427878379822,
    0.6718477606773376,
    0.3365088105201721,
    -0.022108003497123718,
    4.896026134490967,
    0.6990448236465454,
    0.9648051857948303,
    0.651879608631134,
    0.6806519031524658,
    1.6258783340454102,
    0.8849844336509705,
    1.8270632028579712,
    0.04154246300458908,
    0.0,
    0.651879608631134,
    0.8627960681915283
  ],
  "zscore_std": [
    0.7706599235534668,
    1.3793561458587646,
    4.554006576538086,
    10.411171913146973,
    10.2612943649292,
    75.87110137939453,
    236.00613403320312,
    1.3102388381958008,
    0.4659726321697235,
    0.6501817107200623,
    0.6235405802726746,
    2.1545464992523193,
    9.29202651977539,
    1.0,
    1.3102388381958008,
    0.7593898177146912
  ]
}