{"count":1,"self":133.12287999999998,"total":163.6343166,"children":{"InitializeActuators":{"count":1,"self":0.00064399999999999993,"total":0.00064399999999999993,"children":null},"InitializeSensors":{"count":1,"self":0.0005886,"total":0.0005886,"children":null},"AgentSendState":{"count":50041,"self":0.039431299999999996,"total":0.1815697,"children":{"CollectObservations":{"count":10009,"self":0.0316534,"total":0.0316534,"children":null},"WriteActionMask":{"count":10009,"self":0.0045856,"total":0.0045856,"children":null},"RequestDecision":{"count":10009,"self":0.027608499999999998,"total":0.10589939999999999,"children":{"AgentInfo.ToProto":{"count":10009,"self":0.019799399999999998,"total":0.0782909,"children":{"GenerateSensorData":{"count":10009,"self":0.058491499999999995,"total":0.058491499999999995,"children":null}}}}}}},"DecideAction":{"count":50041,"self":30.166969599999998,"total":30.166967999999997,"children":null},"AgentAct":{"count":50041,"self":0.15795499999999998,"total":0.15795499999999998,"children":null},"AgentInfo.ToProto":{"count":280,"self":0.00051209999999999993,"total":0.0032159999999999997,"children":{"GenerateSensorData":{"count":280,"self":0.0027039,"total":0.0027039,"children":null}}}},"gauges":{"My Behavior.CumulativeReward":{"count":280,"max":3.92050171,"min":-0.12300016,"runningAverage":-0.010487535,"value":-0.0810000747,"weightedAverage":0.287062168}},"metadata":{"timer_format_version":"0.1.0","start_time_seconds":"1759392287","unity_version":"2021.3.45f1","command_line_arguments":"C:\\Program Files\\Unity\\Hub\\Editor\\2021.3.45f1\\Editor\\Unity.exe -projectPath C:\\GitHub\\Badminton","communication_protocol_version":"1.5.0","com.unity.ml-agents_version":"2.0.1","scene_name":"RLScene","end_time_seconds":"1759392450"}}