{
    "name": "root",
    "gauges": {
        "MyBehavior.Policy.Entropy.mean": {
            "value": 2.3269684314727783,
            "min": 2.304908514022827,
            "max": 2.804898500442505,
            "count": 600
        },
        "MyBehavior.Policy.Entropy.sum": {
            "value": 11641.8232421875,
            "min": 11483.0546875,
            "max": 14113.330078125,
            "count": 600
        },
        "MyBehavior.Environment.EpisodeLength.mean": {
            "value": 35.2536231884058,
            "min": 34.992805755395686,
            "max": 39.37903225806452,
            "count": 600
        },
        "MyBehavior.Environment.EpisodeLength.sum": {
            "value": 4865.0,
            "min": 4827.0,
            "max": 4917.0,
            "count": 600
        },
        "MyBehavior.Step.mean": {
            "value": 2999994.0,
            "min": 4970.0,
            "max": 2999994.0,
            "count": 600
        },
        "MyBehavior.Step.sum": {
            "value": 2999994.0,
            "min": 4970.0,
            "max": 2999994.0,
            "count": 600
        },
        "MyBehavior.Policy.ExtrinsicValueEstimate.mean": {
            "value": 0.6760066747665405,
            "min": -0.1729496866464615,
            "max": 0.6932147741317749,
            "count": 600
        },
        "MyBehavior.Policy.ExtrinsicValueEstimate.sum": {
            "value": 93.28892517089844,
            "min": -22.310508728027344,
            "max": 94.61076354980469,
            "count": 600
        },
        "MyBehavior.Environment.CumulativeReward.mean": {
            "value": 1.0300123389216438,
            "min": 0.3671149033276985,
            "max": 1.0673107588732684,
            "count": 600
        },
        "MyBehavior.Environment.CumulativeReward.sum": {
            "value": 142.14170277118683,
            "min": 47.35782252927311,
            "max": 144.36455231904984,
            "count": 600
        },
        "MyBehavior.Policy.ExtrinsicReward.mean": {
            "value": 1.0300123389216438,
            "min": 0.3671149033276985,
            "max": 1.0673107588732684,
            "count": 600
        },
        "MyBehavior.Policy.ExtrinsicReward.sum": {
            "value": 142.14170277118683,
            "min": 47.35782252927311,
            "max": 144.36455231904984,
            "count": 600
        },
        "MyBehavior.IsTraining.mean": {
            "value": 1.0,
            "min": 1.0,
            "max": 1.0,
            "count": 600
        },
        "MyBehavior.IsTraining.sum": {
            "value": 1.0,
            "min": 1.0,
            "max": 1.0,
            "count": 600
        },
        "MyBehavior.Losses.PolicyLoss.mean": {
            "value": 0.02513083172768044,
            "min": 0.020749160520305548,
            "max": 0.029500010000386587,
            "count": 73
        },
        "MyBehavior.Losses.PolicyLoss.sum": {
            "value": 0.02513083172768044,
            "min": 0.020749160520305548,
            "max": 0.029500010000386587,
            "count": 73
        },
        "MyBehavior.Losses.ValueLoss.mean": {
            "value": 0.012818647424379985,
            "min": 0.012454619953253617,
            "max": 0.028089319216087462,
            "count": 73
        },
        "MyBehavior.Losses.ValueLoss.sum": {
            "value": 0.012818647424379985,
            "min": 0.012454619953253617,
            "max": 0.028089319216087462,
            "count": 73
        },
        "MyBehavior.Policy.LearningRate.mean": {
            "value": 8.591997136333462e-07,
            "min": 8.591997136333462e-07,
            "max": 0.0002959008013664,
            "count": 73
        },
        "MyBehavior.Policy.LearningRate.sum": {
            "value": 8.591997136333462e-07,
            "min": 8.591997136333462e-07,
            "max": 0.0002959008013664,
            "count": 73
        },
        "MyBehavior.Policy.Epsilon.mean": {
            "value": 0.10028636666666668,
            "min": 0.10028636666666668,
            "max": 0.1986336,
            "count": 73
        },
        "MyBehavior.Policy.Epsilon.sum": {
            "value": 0.10028636666666668,
            "min": 0.10028636666666668,
            "max": 0.1986336,
            "count": 73
        },
        "MyBehavior.Policy.Beta.mean": {
            "value": 2.428969666666688e-05,
            "min": 2.428969666666688e-05,
            "max": 0.004931816640000001,
            "count": 73
        },
        "MyBehavior.Policy.Beta.sum": {
            "value": 2.428969666666688e-05,
            "min": 2.428969666666688e-05,
            "max": 0.004931816640000001,
            "count": 73
        }
    },
    "metadata": {
        "timer_format_version": "0.1.0",
        "start_time_seconds": "1758623134",
        "python_version": "3.10.12 | packaged by conda-forge | (main, Jun 23 2023, 22:34:57) [MSC v.1936 64 bit (AMD64)]",
        "command_line_arguments": "C:\\conda-envs\\mlagents\\Scripts\\mlagents-learn config/badminton.yaml --run-id=run1 --force",
        "mlagents_version": "1.1.0",
        "mlagents_envs_version": "1.1.0",
        "communication_protocol_version": "1.5.0",
        "pytorch_version": "2.8.0+cpu",
        "numpy_version": "1.23.5",
        "end_time_seconds": "1758634761"
    },
    "total": 11625.4282261,
    "count": 1,
    "self": 0.004761000003782101,
    "children": {
        "run_training.setup": {
            "total": 0.06488159999935306,
            "count": 1,
            "self": 0.06488159999935306
        },
        "TrainerController.start_learning": {
            "total": 11625.358583499998,
            "count": 1,
            "self": 30.563866197702737,
            "children": {
                "TrainerController._reset_env": {
                    "total": 9.64647369999966,
                    "count": 1,
                    "self": 9.64647369999966
                },
                "TrainerController.advance": {
                    "total": 11585.112119502295,
                    "count": 3064701,
                    "self": 27.564010001959105,
                    "children": {
                        "env_step": {
                            "total": 10966.265235697883,
                            "count": 3064701,
                            "self": 8743.465252899317,
                            "children": {
                                "SubprocessEnvManager._take_step": {
                                    "total": 2201.0263312987054,
                                    "count": 3064701,
                                    "self": 74.73327269745005,
                                    "children": {
                                        "TorchPolicy.evaluate": {
                                            "total": 2126.2930586012553,
                                            "count": 3000028,
                                            "self": 2126.2930586012553
                                        }
                                    }
                                },
                                "workers": {
                                    "total": 21.773651499860534,
                                    "count": 3064701,
                                    "self": 0.0,
                                    "children": {
                                        "worker_root": {
                                            "total": 11582.035931298977,
                                            "count": 3064701,
                                            "is_parallel": true,
                                            "self": 4206.854741300356,
                                            "children": {
                                                "steps_from_proto": {
                                                    "total": 0.00025299999924754957,
                                                    "count": 1,