{
    "name": "root",
    "gauges": {
        "MyBehavior.Policy.Entropy.mean": {
            "value": 2.80480694770813,
            "min": 2.80480694770813,
            "max": 2.80480694770813,
            "count": 1
        },
        "MyBehavior.Policy.Entropy.sum": {
            "value": 14085.740234375,
            "min": 14085.740234375,
            "max": 14085.740234375,
            "count": 1
        },
        "MyBehavior.Environment.EpisodeLength.mean": {
            "value": 34.36619718309859,
            "min": 34.36619718309859,
            "max": 34.36619718309859,
            "count": 1
        },
        "MyBehavior.Environment.EpisodeLength.sum": {
            "value": 4880.0,
            "min": 4880.0,
            "max": 4880.0,
            "count": 1
        },
        "MyBehavior.Step.mean": {
            "value": 4984.0,
            "min": 4984.0,
            "max": 4984.0,
            "count": 1
        },
        "MyBehavior.Step.sum": {
            "value": 4984.0,
            "min": 4984.0,
            "max": 4984.0,
            "count": 1
        },
        "MyBehavior.Policy.ExtrinsicValueEstimate.mean": {
            "value": -0.24120363593101501,
            "min": -0.24120363593101501,
            "max": -0.24120363593101501,
            "count": 1
        },
        "MyBehavior.Policy.ExtrinsicValueEstimate.sum": {
            "value": -34.00971221923828,
            "min": -34.00971221923828,
            "max": -34.00971221923828,
            "count": 1
        },
        "MyBehavior.Environment.CumulativeReward.mean": {
            "value": 0.40189318672641583,
            "min": 0.40189318672641583,
            "max": 0.40189318672641583,
            "count": 1
        },
        "MyBehavior.Environment.CumulativeReward.sum": {
            "value": 56.66693932842463,
            "min": 56.66693932842463,
            "max": 56.66693932842463,
            "count": 1
        },
        "MyBehavior.Policy.ExtrinsicReward.mean": {
            "value": 0.40189318672641583,
            "min": 0.40189318672641583,
            "max": 0.40189318672641583,
            "count": 1
        },
        "MyBehavior.Policy.ExtrinsicReward.sum": {
            "value": 56.66693932842463,
            "min": 56.66693932842463,
            "max": 56.66693932842463,
            "count": 1
        },
        "MyBehavior.IsTraining.mean": {
            "value": 1.0,
            "min": 1.0,
            "max": 1.0,
            "count": 1
        },
        "MyBehavior.IsTraining.sum": {
            "value": 1.0,
            "min": 1.0,
            "max": 1.0,
            "count": 1
        }
    },
    "metadata": {
        "timer_format_version": "0.1.0",
        "start_time_seconds": "1758263848",
        "python_version": "3.10.12 | packaged by Anaconda, Inc. | (main, Jul  5 2023, 19:01:18) [MSC v.1916 64 bit (AMD64)]",
        "command_line_arguments": "C:\\Users\\kjsjh\\anaconda3\\envs\\mlagents\\Scripts\\mlagents-learn config/badminton.yaml --run-id=run1 --force",
        "mlagents_version": "1.1.0",
        "mlagents_envs_version": "1.1.0",
        "communication_protocol_version": "1.5.0",
        "pytorch_version": "2.8.0+cpu",
        "numpy_version": "1.23.5",
        "end_time_seconds": "1758264030"
    },
    "total": 182.9373513999999,
    "count": 1,
    "self": 0.009128200000304787,
    "children": {
        "run_training.setup": {
            "total": 0.096392399999786,
            "count": 1,
            "self": 0.096392399999786
        },
        "TrainerController.start_learning": {
            "total": 182.8318307999998,
            "count": 1,
            "self": 0.17236830002457282,
            "children": {
                "TrainerController._reset_env": {
                    "total": 11.51134120000006,
                    "count": 1,
                    "self": 11.51134120000006
                },
                "TrainerController.advance": {
                    "total": 171.01589829997556,
                    "count": 8263,
                    "self": 0.15852489995813812,
                    "children": {
                        "env_step": {
                            "total": 169.75600569997823,
                            "count": 8263,
                            "self": 152.99648830003025,
                            "children": {
                                "SubprocessEnvManager._take_step": {
                                    "total": 16.65483099998164,
                                    "count": 8263,
                                    "self": 0.4505869999611605,
                                    "children": {
                                        "TorchPolicy.evaluate": {
                                            "total": 16.20424400002048,
                                            "count": 8083,
                                            "self": 16.20424400002048
                                        }
                                    }
                                },
                                "workers": {
                                    "total": 0.1046863999663401,
                                    "count": 8262,
                                    "self": 0.0,
                                    "children": {
                                        "worker_root": {
                                            "total": 110.24850720001359,
                                            "count": 8262,
                                            "is_parallel": true,
                                            "self": 27.99955060000684,
                                            "children": {
                                                "steps_from_proto": {
                                                    "total": 0.00023220000002766028,
                                                    "count": 1,
                                                    "is_parallel": true,
                                                    "self": 0.00011360000007698545,
                                                    "children": {
                                                        "_process_rank_one_or_two_observation": {
                                                            "total": 0.00011859999995067483,
                                                            "count": 2,
                                                            "is_parallel": true,
                                                            "self": 0.00011859999995067483
                                                        }
                                                    }
                                                },
                                                "UnityEnvironment.step": {
                                                    "total": 82.24872440000672,
                                                    "count": 8262,
                                                    "is_parallel": true,
                                                    "self": 0.44703840002057404,
                                                    "children": {
                                                        "UnityEnvironment._generate_step_input": {
                                                            "total": 0.38116799996168993,
                                                            "count": 8262,
                                                            "is_parallel": true,
                                                            "self": 0.38116799996168993
                                                        },
                                                        "communicator.exchange": {
                                                            "total": 80.14089539999895,
                                                            "count": 8262,
                                                            "is_parallel": true,