{
    "name": "root",
    "gauges": {
        "MyBehavior.Policy.Entropy.mean": {
            "value": 3.2630364894866943,
            "min": 3.172081708908081,
            "max": 3.2651329040527344,
            "count": 600
        },
        "MyBehavior.Policy.Entropy.sum": {
            "value": 16289.078125,
            "min": 15787.451171875,
            "max": 16717.48046875,
            "count": 600
        },
        "MyBehavior.eval.goal_delta.mean": {
            "value": 4992.462535511364,
            "min": 0.01232440284029422,
            "max": 14807.774739583334,
            "count": 490
        },
        "MyBehavior.eval.goal_delta.sum": {
            "value": 109834.17578125,
            "min": 0.015625,
            "max": 1002240.34765625,
            "count": 490
        },
        "MyBehavior.Environment.EpisodeLength.mean": {
            "value": 45.142857142857146,
            "min": 45.06481481481482,
            "max": 53.10752688172043,
            "count": 490
        },
        "MyBehavior.Environment.EpisodeLength.sum": {
            "value": 632.0,
            "min": 632.0,
            "max": 5419.0,
            "count": 490
        },
        "MyBehavior.Step.mean": {
            "value": 2999895.0,
            "min": 4965.0,
            "max": 2999895.0,
            "count": 600
        },
        "MyBehavior.Step.sum": {
            "value": 2999895.0,
            "min": 4965.0,
            "max": 2999895.0,
            "count": 600
        },
        "MyBehavior.Policy.ExtrinsicValueEstimate.mean": {
            "value": 21.17267608642578,
            "min": -0.3073674440383911,
            "max": 849.392333984375,
            "count": 600
        },
        "MyBehavior.Policy.ExtrinsicValueEstimate.sum": {
            "value": 825.734375,
            "min": -31.96621322631836,
            "max": 90035.5859375,
            "count": 600
        },
        "MyBehavior.Environment.CumulativeReward.mean": {
            "value": 3661.1385416666667,
            "min": 7.301401869158878e-05,
            "max": 4727.548791273585,
            "count": 490
        },
        "MyBehavior.Environment.CumulativeReward.sum": {
            "value": 54917.078125,
            "min": 0.0078125,
            "max": 501120.171875,
            "count": 490
        },
        "MyBehavior.Policy.ExtrinsicReward.mean": {
            "value": 3661.1385416666667,
            "min": 7.301401869158878e-05,
            "max": 4727.548791273585,
            "count": 490
        },
        "MyBehavior.Policy.ExtrinsicReward.sum": {
            "value": 54917.078125,
            "min": 0.0078125,
            "max": 501120.171875,
            "count": 490
        },
        "MyBehavior.IsTraining.mean": {
            "value": 1.0,
            "min": 1.0,
            "max": 1.0,
            "count": 600
        },
        "MyBehavior.IsTraining.sum": {
            "value": 1.0,
            "min": 1.0,
            "max": 1.0,
            "count": 600
        },
        "MyBehavior.Losses.PolicyLoss.mean": {
            "value": 0.02603193576930304,
            "min": 0.019730895464939145,
            "max": 0.027537722796356925,
            "count": 73
        },
        "MyBehavior.Losses.PolicyLoss.sum": {
            "value": 0.02603193576930304,
            "min": 0.019730895464939145,
            "max": 0.027537722796356925,
            "count": 73
        },
        "MyBehavior.Losses.ValueLoss.mean": {
            "value": 0.9170875882109006,
            "min": 0.9007539908091228,
            "max": 22910518.008333333,
            "count": 73
        },
        "MyBehavior.Losses.ValueLoss.sum": {
            "value": 0.9170875882109006,
            "min": 0.9007539908091228,
            "max": 22910518.008333333,
            "count": 73
        },
        "MyBehavior.Policy.LearningRate.mean": {
            "value": 6.50599783166665e-07,
            "min": 6.50599783166665e-07,
            "max": 0.00029590120136626676,
            "count": 73
        },
        "MyBehavior.Policy.LearningRate.sum": {
            "value": 6.50599783166665e-07,
            "min": 6.50599783166665e-07,
            "max": 0.00029590120136626676,
            "count": 73
        },
        "MyBehavior.Policy.Epsilon.mean": {
            "value": 0.10021683333333332,
            "min": 0.10021683333333332,
            "max": 0.19863373333333328,
            "count": 73
        },
        "MyBehavior.Policy.Epsilon.sum": {
            "value": 0.10021683333333332,
            "min": 0.10021683333333332,
            "max": 0.19863373333333328,
            "count": 73
        },
        "MyBehavior.Policy.Beta.mean": {
            "value": 2.0819983333333314e-05,
            "min": 2.0819983333333314e-05,
            "max": 0.0049318232933333326,
            "count": 73
        },
        "MyBehavior.Policy.Beta.sum": {
            "value": 2.0819983333333314e-05,
            "min": 2.0819983333333314e-05,
            "max": 0.0049318232933333326,
            "count": 73
        }
    },
    "metadata": {
        "timer_format_version": "0.1.0",
        "start_time_seconds": "1763045025",
        "python_version": "3.10.12 | packaged by Anaconda, Inc. | (main, Jul  5 2023, 19:01:18) [MSC v.1916 64 bit (AMD64)]",
        "command_line_arguments": "C:\\Users\\kjsjh\\anaconda3\\envs\\mlagents\\Scripts\\mlagents-learn config/badminton.yaml --run-id=run1 --force",
        "mlagents_version": "1.1.0",
        "mlagents_envs_version": "1.1.0",
        "communication_protocol_version": "1.5.0",
        "pytorch_version": "2.8.0+cpu",
        "numpy_version": "1.23.5",
        "end_time_seconds": "1763066078"
    },
    "total": 21053.130125900032,
    "count": 1,
    "self": 0.005104199866764247,
    "children": {
        "run_training.setup": {
            "total": 0.08339280006475747,
            "count": 1,
            "self": 0.08339280006475747
        },
        "TrainerController.start_learning": {
            "total": 21053.0416289001,
            "count": 1,
            "self": 35.13664342928678,
            "children": {
                "TrainerController._reset_env": {
                    "total": 6.369641600060277,
                    "count": 1,
                    "self": 6.369641600060277
                },
                "TrainerController.advance": {
                    "total": 21011.500325570698,
                    "count": 3037844,
                    "self": 33.10753040458076,
                    "children": {
                        "env_step": {
                            "total": 20466.5217158749,
                            "count": 3037844,
                            "self": 18081.356792983017,
                            "children": {
                                "SubprocessEnvManager._take_step": {
                                    "total": 2360.8082376641687,
                                    "count": 3037845,
                                    "self": 88.87777034949977,
                                    "children": {
                                        "TorchPolicy.evaluate": {
                                            "total": 2271.930467314669,
                                            "count": 3000063,
                                            "self": 2271.930467314669
                                        }
                                    }
                                },
                                "workers": {
                                    "total": 24.35668522771448,
                                    "count": 3037844,
                                    "self": 0.0,
                                    "children": {
                                        "worker_root": {
                                            "total": 20968.359831156675,
                                            "count": 3037844,
                                            "is_parallel": true,